Brand,Price_BDT,Availability,RAM_GB,SSD_GB,HDD_GB,Total_Storage_GB,CPU_Brand,CPU_GHz,Screen_Size,Screen_Width,Screen_Height,Is_Touchscreen,PPI,GPU_Brand
Smart,64500.0,In Stock,8.0,512,0,512,Intel,0.0,15.6,0,0,False,0.0,Intel
Smart,68500.0,In Stock,8.0,512,0,512,Intel,0.0,16.0,0,0,False,0.0,Intel
Tecno,71900.0,In Stock,16.0,512,0,512,Intel,0.0,14.0,0,0,False,0.0,Intel
Acer,73900.0,In Stock,8.0,512,0,512,Intel,0.0,15.6,0,0,False,0.0,Intel
ASUS,61500.0,In Stock,8.0,512,0,512,Intel,0.0,15.6,0,0,False,0.0,Intel
ASUS,61500.0,In Stock,8.0,512,0,512,Intel,0.0,15.6,0,0,False,0.0,Intel
Acer,63000.0,In Stock,8.0,512,0,512,AMD,0.0,15.6,0,0,False,0.0,AMD
Acer,63500.0,In Stock,8.0,512,0,512,AMD,0.0,15.6,0,0,False,0.0,AMD
Acer,63500.0,In Stock,8.0,512,0,512,AMD,0.0,15.6,0,0,False,0.0,AMD
HP,64500.0,In Stock,8.0,512,0,512,Intel,0.0,15.6,0,0,False,0.0,Intel
HP,65990.0,In Stock,8.0,512,0,512,Other,0.0,15.6,0,0,False,0.0,Intel
Smart,67500.0,In Stock,8.0,512,0,512,Intel,0.0,15.6,0,0,False,0.0,Intel
HP,71000.0,In Stock,16.0,512,0,512,Intel,0.0,15.6,0,0,False,0.0,Intel
HP,71000.0,In Stock,16.0,512,0,512,Intel,0.0,15.6,0,0,False,0.0,Intel
Dell,73500.0,In Stock,8.0,512,0,512,Intel,0.0,15.6,0,0,False,0.0,Intel
Lenovo,74000.0,In Stock,16.0,512,0,512,AMD,0.0,15.6,0,0,False,0.0,AMD
Acer,74500.0,In Stock,8.0,512,0,512,Intel,0.0,15.6,0,0,False,0.0,Intel
Acer,74900.0,In Stock,16.0,512,0,512,AMD,0.0,15.6,0,0,False,0.0,AMD
Dell,75500.0,In Stock,8.0,512,0,512,Intel,0.0,14.0,0,0,False,0.0,Intel
Acer,76500.0,In Stock,16.0,512,0,512,Intel,0.0,15.6,0,0,False,0.0,Intel
Lenovo,76900.0,In Stock,8.0,512,0,512,AMD,0.0,14.0,0,0,False,0.0,AMD
Lenovo,76900.0,In Stock,8.0,512,0,512,AMD,0.0,14.0,0,0,False,0.0,AMD
Acer,76900.0,In Stock,16.0,512,0,512,AMD,0.0,15.6,0,0,False,0.0,AMD
Acer,77500.0,In Stock,16.0,512,0,512,AMD,0.0,15.6,0,0,False,0.0,AMD
Lenovo,77500.0,In Stock,8.0,512,0,512,AMD,0.0,15.3,0,0,False,0.0,AMD
Lenovo,77500.0,In Stock,8.0,512,0,512,AMD,0.0,15.3,0,0,False,0.0,AMD
Acer,79900.0,In Stock,8.0,512,0,512,Intel,0.0,14.0,0,0,False,0.0,Intel
ASUS,80000.0,In Stock,8.0,512,0,512,Intel,0.0,15.6,0,0,False,0.0,Intel
Lenovo,81000.0,In Stock,16.0,512,0,512,AMD,0.0,15.6,0,0,False,0.0,AMD
HP,81000.0,In Stock,8.0,512,0,512,Intel,0.0,15.6,0,0,False,0.0,Intel
HP,81500.0,In Stock,16.0,512,0,512,AMD,0.0,15.6,0,0,False,0.0,AMD
HP,81500.0,In Stock,16.0,512,0,512,AMD,0.0,15.6,0,0,False,0.0,AMD
HP,81500.0,In Stock,16.0,512,0,512,AMD,0.0,15.6,0,0,False,0.0,AMD
ASUS,82000.0,In Stock,8.0,512,0,512,Intel,0.0,15.6,0,0,False,0.0,Intel
Lenovo,82500.0,In Stock,8.0,512,0,512,AMD,0.0,15.3,0,0,False,0.0,AMD
Lenovo,82500.0,In Stock,8.0,512,0,512,AMD,0.0,15.3,0,0,False,0.0,AMD
Acer,84500.0,In Stock,16.0,512,0,512,AMD,0.0,15.6,0,0,False,0.0,AMD
Lenovo,85000.0,In Stock,16.0,512,0,512,Intel,0.0,14.0,0,0,False,0.0,Intel
ASUS,85000.0,In Stock,8.0,512,0,512,Intel,0.0,14.0,0,0,False,0.0,Intel
Lenovo,87000.0,In Stock,16.0,512,0,512,Intel,0.0,14.0,0,0,False,0.0,Intel
MSI,87000.0,In Stock,16.0,512,0,512,AMD,0.0,15.6,0,0,False,0.0,AMD
MSI,87000.0,In Stock,16.0,512,0,512,Other,0.0,14.0,0,0,False,0.0,AMD
Lenovo,88500.0,In Stock,16.0,512,0,512,Intel,0.0,15.3,0,0,False,0.0,Intel
Lenovo,88500.0,In Stock,16.0,512,0,512,Intel,0.0,14.0,0,0,False,0.0,Intel
Dell,89900.0,In Stock,8.0,512,0,512,Intel,0.0,15.6,0,0,False,0.0,Intel
Lenovo,90000.0,In Stock,16.0,512,0,512,AMD,0.0,15.6,0,0,False,0.0,AMD
Lenovo,90000.0,In Stock,16.0,512,0,512,AMD,0.0,15.6,0,0,False,0.0,AMD
Lenovo,90000.0,In Stock,16.0,512,0,512,AMD,0.0,14.0,0,0,False,0.0,AMD
Lenovo,92500.0,In Stock,16.0,1024,0,1024,Intel,0.0,14.0,0,0,False,0.0,Intel
Lenovo,92500.0,In Stock,16.0,1024,0,1024,Intel,0.0,15.3,0,0,False,0.0,Intel
ASUS,93000.0,In Stock,8.0,512,0,512,Intel,0.0,15.6,0,0,False,0.0,Intel
ASUS,93000.0,In Stock,16.0,512,0,512,AMD,0.0,14.0,0,0,False,0.0,AMD
ASUS,93000.0,In Stock,16.0,512,0,512,AMD,0.0,14.0,0,0,False,0.0,AMD
ASUS,93000.0,In Stock,16.0,512,0,512,Intel,0.0,14.0,0,0,False,0.0,Intel
ASUS,93000.0,In Stock,16.0,512,0,512,Intel,0.0,14.0,0,0,False,0.0,Intel
ASUS,93000.0,In Stock,16.0,512,0,512,Intel,0.0,15.6,0,0,False,0.0,Intel
ASUS,93000.0,In Stock,16.0,512,0,512,AMD,0.0,15.6,0,0,False,0.0,AMD
ASUS,93000.0,In Stock,16.0,512,0,512,AMD,0.0,15.6,0,0,False,0.0,AMD
ASUS,93000.0,In Stock,16.0,512,0,512,AMD,0.0,15.6,0,0,False,0.0,AMD
ASUS,93000.0,In Stock,16.0,512,0,512,AMD,0.0,14.0,0,0,False,0.0,AMD
ASUS,93000.0,In Stock,16.0,512,0,512,AMD,0.0,14.0,0,0,False,0.0,AMD
ASUS,93000.0,In Stock,16.0,512,0,512,AMD,0.0,14.0,0,0,False,0.0,AMD
Lenovo,96500.0,In Stock,16.0,512,0,512,Intel,0.0,14.0,0,0,False,0.0,Intel
Lenovo,97000.0,In Stock,16.0,512,0,512,AMD,0.0,15.3,0,0,False,0.0,AMD
ASUS,98000.0,In Stock,16.0,1024,0,1024,Qualcomm,0.0,14.0,0,0,False,0.0,Apple
ASUS,98000.0,In Stock,16.0,1024,0,1024,Qualcomm,0.0,14.0,0,0,False,0.0,Apple
MSI,98000.0,In Stock,16.0,512,0,512,Other,0.0,15.6,0,0,False,0.0,AMD
MSI,98000.0,In Stock,16.0,512,0,512,Other,0.0,14.0,0,0,False,0.0,AMD
Lenovo,99000.0,In Stock,12.0,512,0,512,Intel,0.0,15.6,0,0,False,0.0,Nvidia
Lenovo,99500.0,In Stock,16.0,512,0,512,Intel,0.0,14.0,0,0,False,0.0,Intel
Lenovo,99500.0,In Stock,16.0,512,0,512,Intel,0.0,15.3,0,0,False,0.0,Intel
Dell,99500.0,In Stock,8.0,512,0,512,Intel,0.0,14.0,0,0,False,0.0,Intel
Lenovo,100500.0,In Stock,24.0,512,0,512,Intel,0.0,15.3,0,0,False,0.0,Intel
MSI,101900.0,In Stock,8.0,512,0,512,Intel,0.0,15.6,0,0,False,0.0,Nvidia
ASUS,103000.0,In Stock,8.0,512,0,512,Intel,0.0,16.0,0,0,False,0.0,Nvidia
Acer,104000.0,In Stock,16.0,1024,0,1024,Intel,0.0,14.0,0,0,False,0.0,Intel
Acer,104000.0,In Stock,16.0,1024,0,1024,Intel,0.0,14.0,0,0,False,0.0,Intel
Lenovo,104500.0,In Stock,16.0,512,0,512,Intel,0.0,14.0,0,0,False,0.0,Intel
MSI,105900.0,In Stock,8.0,1024,0,1024,Intel,0.0,15.6,0,0,False,0.0,Intel
Lenovo,108000.0,In Stock,16.0,512,0,512,Qualcomm,0.0,14.0,8,9,False,0.860113898485164,Apple
Lenovo,109000.0,In Stock,16.0,512,0,512,Intel,0.0,14.0,0,0,False,0.0,Intel
MSI,109900.0,In Stock,16.0,512,0,512,Intel,0.0,14.0,0,0,False,0.0,Intel
Lenovo,110500.0,In Stock,16.0,512,0,512,Intel,0.0,15.6,0,0,False,0.0,Nvidia
ASUS,112000.0,In Stock,16.0,512,0,512,AMD,0.0,14.0,0,0,False,0.0,AMD
ASUS,112000.0,In Stock,16.0,512,0,512,AMD,0.0,14.0,0,0,False,0.0,AMD
Lenovo,112500.0,In Stock,16.0,1024,0,1024,Intel,0.0,14.0,0,0,False,0.0,Intel
HP,113000.0,In Stock,8.0,512,0,512,Intel,0.0,14.0,0,0,False,0.0,Intel
Lenovo,113000.0,In Stock,8.0,512,0,512,Intel,0.0,14.0,0,0,False,0.0,Intel
Lenovo,113500.0,In Stock,24.0,512,0,512,Intel,0.0,15.3,0,0,False,0.0,Intel
Lenovo,114500.0,In Stock,16.0,512,0,512,AMD,0.0,13.3,0,0,False,0.0,AMD
Lenovo,115000.0,In Stock,16.0,512,0,512,AMD,0.0,14.0,0,0,False,0.0,AMD
ASUS,116000.0,In Stock,16.0,512,0,512,Intel,0.0,14.0,0,0,False,0.0,Intel
ASUS,116000.0,In Stock,16.0,512,0,512,Intel,0.0,14.0,0,0,False,0.0,Intel
ASUS,116000.0,In Stock,16.0,512,0,512,Intel,0.0,16.0,0,0,False,0.0,Intel
Dell,116500.0,In Stock,8.0,512,0,512,Intel,0.0,14.0,0,0,False,0.0,Intel
HP,118000.0,In Stock,8.0,512,0,512,Intel,0.0,16.0,0,0,False,0.0,Intel
Acer,118000.0,In Stock,16.0,512,0,512,Intel,0.0,14.0,0,0,False,0.0,Intel
ASUS,119000.0,In Stock,16.0,1024,0,1024,Intel,0.0,14.0,0,0,False,0.0,Intel
ASUS,119000.0,In Stock,16.0,1024,0,1024,AMD,0.0,14.0,0,0,False,0.0,AMD
ASUS,119000.0,In Stock,16.0,1024,0,1024,Intel,0.0,14.0,0,0,False,0.0,Intel
ASUS,119000.0,In Stock,16.0,1024,0,1024,Intel,0.0,16.0,0,0,False,0.0,Intel
ASUS,119000.0,In Stock,16.0,1024,0,1024,Intel,0.0,16.0,0,0,False,0.0,Intel
ASUS,119000.0,In Stock,16.0,512,0,512,Intel,0.0,15.6,0,0,False,0.0,Intel
ASUS,119000.0,In Stock,16.0,512,0,512,Intel,0.0,15.6,0,0,False,0.0,Intel
ASUS,119000.0,In Stock,16.0,1024,0,1024,Intel,0.0,14.0,0,0,False,0.0,Intel
ASUS,119000.0,In Stock,16.0,512,0,512,Intel,0.0,14.0,0,0,False,0.0,Intel
ASUS,120000.0,In Stock,16.0,1024,0,1024,Intel,0.0,14.0,0,0,False,0.0,Intel
HP,121000.0,In Stock,8.0,512,0,512,Intel,0.0,14.0,0,0,False,0.0,Intel
Lenovo,121500.0,In Stock,16.0,1024,0,1024,Intel,0.0,14.0,0,0,False,0.0,Intel
Lenovo,122000.0,In Stock,16.0,512,0,512,Intel,0.0,15.6,0,0,False,0.0,Nvidia
Acer,122500.0,In Stock,16.0,512,0,512,Other,0.0,15.6,0,0,False,0.0,Nvidia
ASUS,124000.0,In Stock,16.0,1024,0,1024,Intel,0.0,14.0,0,0,False,0.0,Intel
MSI,125000.0,In Stock,16.0,512,0,512,Intel,0.0,15.6,0,0,False,0.0,Nvidia
ASUS,129000.0,In Stock,16.0,512,0,512,AMD,0.0,16.0,0,0,False,0.0,AMD
ASUS,129000.0,In Stock,16.0,512,0,512,AMD,0.0,16.0,0,0,False,0.0,AMD
HP,129500.0,In Stock,8.0,1024,0,1024,AMD,0.0,15.6,0,0,False,0.0,Nvidia
Gigabyte,129900.0,In Stock,16.0,512,0,512,Intel,0.0,16.0,0,0,False,0.0,Nvidia
ASUS,131000.0,In Stock,16.0,512,0,512,AMD,0.0,16.0,0,0,False,0.0,Nvidia
Lenovo,131500.0,In Stock,16.0,512,0,512,Intel,0.0,15.6,0,0,False,0.0,Nvidia
Lenovo,132000.0,In Stock,32.0,1024,0,1024,Intel,0.0,14.0,0,0,False,0.0,Intel
ASUS,134000.0,In Stock,8.0,512,0,512,AMD,0.0,15.6,0,0,False,0.0,Nvidia
HP,135000.0,In Stock,8.0,512,0,512,Intel,0.0,14.0,0,0,False,0.0,Intel
ASUS,135000.0,In Stock,16.0,512,0,512,AMD,0.0,15.6,0,0,False,0.0,Nvidia
Lenovo,135500.0,In Stock,16.0,512,0,512,Other,0.0,14.0,0,0,False,0.0,Intel
Lenovo,137000.0,In Stock,16.0,512,0,512,Intel,0.0,14.0,0,0,False,0.0,Intel
Lenovo,137500.0,In Stock,16.0,512,0,512,Intel,0.0,15.6,0,0,False,0.0,Nvidia
HP,137500.0,In Stock,8.0,512,0,512,Intel,0.0,16.0,0,0,False,0.0,Intel
Lenovo,139500.0,In Stock,16.0,512,0,512,Intel,0.0,15.6,0,0,False,0.0,Nvidia
Lenovo,142500.0,In Stock,16.0,512,0,512,Intel,0.0,14.0,0,0,False,0.0,Intel
Lenovo,143500.0,In Stock,16.0,512,0,512,Intel,0.0,14.0,0,0,False,0.0,Intel
Gigabyte,144000.0,In Stock,16.0,1024,0,1024,Intel,0.0,16.0,0,0,False,0.0,Nvidia
HP,145000.0,In Stock,16.0,512,0,512,Intel,0.0,14.0,0,0,False,0.0,Intel
Lenovo,145000.0,In Stock,16.0,1024,0,1024,AMD,0.0,14.0,0,0,False,0.0,AMD
Acer,146000.0,In Stock,16.0,1024,0,1024,Intel,0.0,14.0,0,0,False,0.0,Intel
Acer,148000.0,In Stock,16.0,1024,0,1024,Intel,0.0,14.0,0,0,False,0.0,Intel
(Certified,148000.0,In Stock,16.0,256,0,256,Qualcomm,0.0,13.0,0,0,False,0.0,Apple
Acer,148000.0,In Stock,16.0,1024,0,1024,Intel,0.0,14.0,0,0,False,0.0,Intel
ASUS,150000.0,In Stock,16.0,512,0,512,Intel,0.0,14.0,0,0,False,0.0,Intel
ASUS,150000.0,In Stock,16.0,512,0,512,Intel,0.0,14.0,0,0,False,0.0,Intel
Lenovo,152000.0,In Stock,16.0,512,0,512,Intel,0.0,14.0,0,0,False,0.0,Intel
ASUS,154000.0,In Stock,16.0,1024,0,1024,Intel,0.0,14.0,0,0,False,0.0,Intel
Gigabyte,154500.0,In Stock,16.0,1024,0,1024,Intel,0.0,16.0,0,0,False,0.0,Nvidia
ASUS,155000.0,In Stock,16.0,1024,0,1024,Intel,0.0,16.0,0,0,False,0.0,Nvidia
Lenovo,155000.0,In Stock,24.0,512,0,512,AMD,0.0,14.0,0,0,False,0.0,AMD
MSI,155900.0,In Stock,16.0,512,0,512,Intel,0.0,15.6,0,0,False,0.0,Nvidia
Lenovo,159000.0,In Stock,16.0,512,0,512,Intel,0.0,14.0,0,0,False,0.0,Intel
ASUS,160000.0,In Stock,16.0,512,0,512,AMD,0.0,16.0,0,0,False,0.0,AMD
ASUS,160000.0,In Stock,16.0,512,0,512,AMD,0.0,16.0,0,0,False,0.0,AMD
Lenovo,160000.0,In Stock,16.0,512,0,512,Intel,0.0,14.0,0,0,False,0.0,Intel
Lenovo,160000.0,In Stock,16.0,512,0,512,Intel,0.0,14.0,0,0,False,0.0,Intel
ASUS,160000.0,In Stock,16.0,512,0,512,AMD,0.0,14.0,0,0,False,0.0,AMD
MSI,161900.0,In Stock,16.0,512,0,512,Intel,0.0,15.6,0,0,False,0.0,Nvidia
Lenovo,164000.0,In Stock,24.0,1024,0,1024,AMD,0.0,14.0,0,0,False,0.0,AMD
ASUS,164000.0,In Stock,16.0,512,0,512,AMD,0.0,16.0,0,0,False,0.0,Nvidia
Lenovo,165000.0,In Stock,32.0,1024,0,1024,AMD,0.0,16.0,0,0,False,0.0,AMD
Microsoft,167000.0,In Stock,16.0,256,0,256,Intel,0.0,13.5,0,0,False,0.0,Intel
Lenovo,168000.0,In Stock,16.0,1024,0,1024,AMD,0.0,15.6,0,0,False,0.0,Nvidia
ASUS,170000.0,In Stock,16.0,512,0,512,Qualcomm,0.0,15.6,0,0,False,0.0,Apple
MSI,170000.0,In Stock,16.0,512,0,512,Intel,0.0,15.6,0,0,False,0.0,Nvidia
Lenovo,170500.0,In Stock,16.0,512,0,512,Intel,0.0,15.6,0,0,False,0.0,Nvidia
Lenovo,172000.0,In Stock,16.0,1024,0,1024,AMD,0.0,15.6,0,0,False,0.0,Nvidia
Lenovo,173000.0,In Stock,32.0,1024,0,1024,AMD,0.0,15.1,0,0,False,0.0,AMD
Apple,174000.0,In Stock,16.0,512,0,512,Apple,0.0,13.6,0,0,False,0.0,Apple
Lenovo,175000.0,In Stock,32.0,1024,0,1024,AMD,0.0,16.0,0,0,False,0.0,AMD
Gigabyte,179000.0,In Stock,16.0,1024,0,1024,AMD,0.0,16.0,0,0,False,0.0,Nvidia
ASUS,182000.0,In Stock,16.0,1024,0,1024,Qualcomm,0.0,14.0,0,0,False,0.0,Apple
ASUS,182000.0,In Stock,16.0,1024,0,1024,Qualcomm,0.0,14.0,0,0,False,0.0,Apple
Microsoft,184000.0,In Stock,16.0,512,0,512,Qualcomm,0.0,13.8,0,0,False,0.0,Apple
Microsoft,184000.0,In Stock,16.0,512,0,512,Qualcomm,0.0,13.0,0,0,False,0.0,Apple
Gigabyte,185000.0,In Stock,16.0,1024,0,1024,AMD,0.0,16.0,0,0,False,0.0,Nvidia
MSI,185000.0,In Stock,16.0,512,0,512,Intel,0.0,15.6,0,0,False,0.0,Nvidia
ASUS,185000.0,In Stock,16.0,512,0,512,Intel,0.0,14.0,0,0,False,0.0,Intel
Lenovo,187000.0,In Stock,16.0,512,0,512,Qualcomm,0.0,14.5,8,9,False,0.8304547985373997,Apple
Microsoft,189000.0,In Stock,16.0,512,0,512,Qualcomm,0.0,13.8,0,0,False,0.0,Apple
Gigabyte,189000.0,In Stock,16.0,1024,0,1024,Intel,0.0,16.0,0,0,False,0.0,Nvidia
ASUS,192000.0,In Stock,16.0,512,0,512,AMD,0.0,14.0,0,0,False,0.0,Nvidia
MSI,193900.0,In Stock,16.0,512,0,512,Intel,0.0,15.6,0,0,False,0.0,Nvidia
Microsoft,199000.0,In Stock,16.0,512,0,512,Qualcomm,0.0,13.0,0,0,False,0.0,Apple
ASUS,199000.0,In Stock,16.0,512,0,512,AMD,0.0,16.0,0,0,False,0.0,Nvidia
Lenovo,200000.0,In Stock,24.0,512,0,512,Intel,0.0,15.1,0,0,False,0.0,Nvidia
ASUS,205000.0,In Stock,16.0,512,0,512,AMD,0.0,16.0,0,0,False,0.0,Nvidia
HP,209000.0,In Stock,16.0,1024,0,1024,Intel,0.0,16.0,0,0,False,0.0,Nvidia
ASUS,216000.0,In Stock,16.0,1024,0,1024,Intel,0.0,14.0,0,0,False,0.0,Intel
MSI,220000.0,In Stock,16.0,512,0,512,Intel,0.0,15.6,0,0,False,0.0,Nvidia
Microsoft,225000.0,In Stock,16.0,1024,0,1024,Qualcomm,0.0,13.0,0,0,False,0.0,Apple
Microsoft,225000.0,In Stock,16.0,1024,0,1024,Qualcomm,0.0,13.0,0,0,False,0.0,Apple
MSI,227900.0,In Stock,16.0,512,0,512,Intel,0.0,15.6,0,0,False,0.0,Nvidia
ASUS,228000.0,In Stock,16.0,1024,0,1024,Intel,0.0,16.0,0,0,False,0.0,Nvidia
HP,229000.0,In Stock,16.0,1024,0,1024,Intel,0.0,14.0,0,0,False,0.0,Intel
HP,229000.0,In Stock,16.0,1024,0,1024,Intel,0.0,14.0,0,0,False,0.0,Intel
Microsoft,229000.0,In Stock,32.0,1024,0,1024,Qualcomm,0.0,13.8,0,0,False,0.0,Apple
ASUS,232000.0,In Stock,16.0,1024,0,1024,AMD,0.0,16.0,0,0,False,0.0,Nvidia
Lenovo,235000.0,In Stock,32.0,1024,0,1024,AMD,0.0,16.0,0,0,False,0.0,Nvidia
Lenovo,240000.0,In Stock,24.0,1024,0,1024,AMD,0.0,16.0,0,0,False,0.0,Nvidia
Microsoft,245000.0,In Stock,32.0,1024,0,1024,Qualcomm,0.0,13.0,0,0,False,0.0,Apple
Lenovo,248500.0,In Stock,24.0,512,0,512,Intel,0.0,15.1,0,0,False,0.0,Nvidia
ASUS,250000.0,In Stock,16.0,512,0,512,Intel,0.0,14.5,0,0,False,0.0,Nvidia
ASUS,252000.0,In Stock,16.0,1024,0,1024,Intel,0.0,16.0,0,0,False,0.0,Nvidia
ASUS,256000.0,In Stock,32.0,1024,0,1024,AMD,0.0,16.0,0,0,False,0.0,AMD
ASUS,258000.0,In Stock,32.0,1024,0,1024,AMD,0.0,16.0,0,0,False,0.0,Nvidia
ASUS,260000.0,In Stock,16.0,1024,0,1024,Intel,0.0,16.0,0,0,False,0.0,Nvidia
Lenovo,270000.0,In Stock,32.0,512,0,512,AMD,0.0,15.1,0,0,False,0.0,Nvidia
Lenovo,272500.0,In Stock,24.0,512,0,512,Intel,0.0,15.1,0,0,False,0.0,Nvidia
Lenovo,274000.0,In Stock,32.0,512,0,512,Intel,0.0,15.1,0,0,False,0.0,Nvidia
Lenovo,280000.0,In Stock,32.0,1024,0,1024,Intel,0.0,14.0,0,0,False,0.0,Intel
ASUS,282000.0,In Stock,16.0,1024,0,1024,Intel,0.0,16.0,0,0,False,0.0,Nvidia
Acer,285000.0,In Stock,16.0,1024,0,1024,Intel,0.0,16.0,0,0,False,0.0,Nvidia
Lenovo,287000.0,In Stock,16.0,1024,0,1024,Intel,0.0,13.3,0,0,False,0.0,Intel
Apple,288000.0,In Stock,24.0,1024,0,1024,Apple,0.0,15.3,0,0,False,0.0,Apple
Apple,288000.0,In Stock,24.0,1024,0,1024,Apple,0.0,15.3,0,0,False,0.0,Apple
Apple,288000.0,In Stock,24.0,1024,0,1024,Apple,0.0,15.3,0,0,False,0.0,Apple
Apple,288000.0,In Stock,24.0,1024,0,1024,Apple,0.0,15.3,0,0,False,0.0,Apple
Lenovo,298000.0,In Stock,32.0,1024,0,1024,Intel,0.0,14.5,0,0,False,0.0,Intel
Lenovo,299000.0,In Stock,32.0,1024,0,1024,Intel,0.0,14.0,0,0,False,0.0,Intel
ASUS,307000.0,In Stock,16.0,1024,0,1024,AMD,0.0,16.0,0,0,False,0.0,Nvidia
ASUS,312000.0,In Stock,16.0,1024,0,1024,Intel,0.0,16.0,0,0,False,0.0,Nvidia
Apple,315000.0,In Stock,24.0,1024,0,1024,Apple,0.0,14.2,0,0,False,0.0,Apple
Apple,315000.0,In Stock,24.0,1024,0,1024,Apple,0.0,14.2,0,0,False,0.0,Apple
Lenovo,315000.0,In Stock,32.0,1024,0,1024,Intel,0.0,14.0,0,0,False,0.0,Intel
Lenovo,316500.0,In Stock,32.0,1024,0,1024,Intel,0.0,15.1,0,0,False,0.0,Nvidia
ASUS,318000.0,In Stock,32.0,1024,0,1024,Intel,0.0,16.0,0,0,False,0.0,Nvidia
Apple,324000.0,In Stock,32.0,1024,0,1024,Apple,0.0,14.2,0,0,False,0.0,Apple
Apple,324000.0,In Stock,32.0,1024,0,1024,Apple,0.0,14.2,0,0,False,0.0,Apple
Acer,325000.0,In Stock,16.0,1024,0,1024,Intel,0.0,16.0,0,0,False,0.0,Nvidia
Lenovo,325000.0,In Stock,32.0,1024,0,1024,Intel,0.0,16.0,0,0,False,0.0,Nvidia
ASUS,332000.0,In Stock,32.0,1024,0,1024,AMD,0.0,16.0,0,0,False,0.0,Nvidia
MSI,333000.0,In Stock,32.0,1024,0,1024,Intel,0.0,16.0,0,0,False,0.0,Nvidia
HP,336000.0,In Stock,32.0,1024,0,1024,Intel,0.0,16.0,0,0,False,0.0,Nvidia
Lenovo,337000.0,In Stock,32.0,1024,0,1024,Intel,0.0,14.0,0,0,False,0.0,Intel
Acer,340000.0,In Stock,16.0,1024,0,1024,Intel,0.0,16.0,0,0,False,0.0,Nvidia
Apple,355000.0,In Stock,24.0,1024,0,1024,Apple,0.0,14.2,0,0,False,0.0,Apple
Apple,355000.0,In Stock,24.0,1024,0,1024,Apple,0.0,14.2,0,0,False,0.0,Apple
Acer,360000.0,In Stock,32.0,1024,0,1024,Intel,0.0,16.0,0,0,False,0.0,Nvidia
MSI,360000.0,In Stock,32.0,1024,0,1024,Intel,0.0,16.0,0,0,False,0.0,Nvidia
ASUS,377000.0,In Stock,32.0,1024,0,1024,Intel,0.0,16.0,0,0,False,0.0,Nvidia
Apple,405000.0,In Stock,24.0,2048,0,2048,Apple,0.0,14.2,0,0,False,0.0,Apple
Apple,405000.0,In Stock,24.0,2048,0,2048,Apple,0.0,14.2,0,0,False,0.0,Apple
Apple,410000.0,In Stock,48.0,1024,0,1024,Apple,0.0,14.2,0,0,False,0.0,Apple
ASUS,428000.0,In Stock,32.0,2048,0,2048,AMD,0.0,14.0,0,0,False,0.0,Nvidia
Apple,430000.0,In Stock,24.0,2048,0,2048,Apple,0.0,14.2,0,0,False,0.0,Apple
Apple,430000.0,In Stock,24.0,2048,0,2048,Apple,0.0,14.2,0,0,False,0.0,Apple
MSI,449900.0,In Stock,16.0,1024,0,1024,Intel,0.0,16.0,0,0,False,0.0,Nvidia
ASUS,482900.0,In Stock,32.0,1024,0,1024,Other,0.0,14.0,0,0,False,0.0,Intel
Apple,490000.0,In Stock,48.0,1024,0,1024,Apple,0.0,16.2,0,0,False,0.0,Apple
ASUS,490000.0,In Stock,32.0,1024,0,1024,Intel,0.0,16.0,0,0,False,0.0,Nvidia
Apple,500000.0,In Stock,48.0,1024,0,1024,Apple,0.0,16.2,0,0,False,0.0,Apple
Apple,560000.0,In Stock,36.0,2048,0,2048,Apple,0.0,14.2,0,0,False,0.0,Apple
Apple,560000.0,In Stock,36.0,2048,0,2048,Apple,0.0,14.2,0,0,False,0.0,Apple
Apple,610000.0,In Stock,36.0,2048,0,2048,Apple,0.0,16.2,0,0,False,0.0,Apple
Apple,610000.0,In Stock,36.0,2048,0,2048,Apple,0.0,16.2,0,0,False,0.0,Apple
MSI,630000.0,In Stock,32.0,2048,0,2048,Intel,0.0,18.0,0,0,False,0.0,Nvidia
ASUS,649990.0,In Stock,64.0,1024,0,1024,Intel,0.0,18.0,0,0,False,0.0,Nvidia
Acer,660000.0,In Stock,32.0,2048,0,2048,Intel,0.0,16.0,0,0,False,0.0,Nvidia
Apple,695000.0,In Stock,48.0,2048,0,2048,Apple,0.0,16.2,0,0,False,0.0,Apple
Microsoft,145000.0,In Stock,16.0,4,0,4,Qualcomm,0.0,13.8,1920,1280,True,167.21397219543138,Unknown
Lenovo,270000.0,In Stock,32.0,4,0,4,AMD,5.0,,0,0,False,,Apple
ASUS,93000.0,In Stock,16.0,3,0,3,AMD,4.3,14.0,1920,1080,False,157.3505121487356,Unknown
Microsoft,160000.0,In Stock,,256,0,256,Intel,4.4,13.0,2880,1920,True,266.25609418810996,Unknown
Lenovo,240000.0,In Stock,32.0,4,0,4,AMD,5.0,,0,0,False,,Apple
Apple,165000.0,In Stock,16.0,512,0,512,Apple,0.0,,2560,1664,False,,Unknown
Walton,27500.0,In Stock,8.0,256,0,256,Intel,1.1,14.0,1920,1080,False,157.3505121487356,Unknown
Lenovo,240000.0,In Stock,24.0,4096,0,4096,AMD,5.1,,0,0,False,,Apple
Microsoft,198000.0,In Stock,16.0,4096,0,4096,Qualcomm,3.8,13.0,2880,1920,True,266.25609418810996,Unknown
Walton,29000.0,In Stock,8.0,256,0,256,Intel,1.1,14.0,1920,1080,False,157.3505121487356,Unknown
Apple,168000.0,In Stock,16.0,256,0,256,Apple,0.0,,2880,1864,False,,Unknown
HP,65990.0,In Stock,8.0,0,0,0,Intel,4.5,15.6,1920,1080,False,141.21199808219862,Unknown
Lenovo,74000.0,In Stock,8.0,4,0,4,AMD,4.3,15.6,1920,1080,False,141.21199808219862,Unknown
Lenovo,85000.0,In Stock,16.0,4,0,4,AMD,4.3,15.6,1920,1080,False,141.21199808219862,Unknown
Lenovo,81000.0,In Stock,16.0,4,0,4,AMD,4.3,15.6,1920,1080,False,141.21199808219862,Unknown
Lenovo,90000.0,In Stock,16.0,512,0,512,AMD,4.5,15.6,1920,1080,False,141.21199808219862,Unknown
Lenovo,90000.0,In Stock,16.0,4,0,4,AMD,4.5,15.6,1920,1080,False,141.21199808219862,Unknown
Walton,46500.0,In Stock,8.0,2280,0,2280,Intel,1.6,15.6,1920,1080,False,141.21199808219862,Unknown
MSI,620000.0,In Stock,64.0,205,0,205,AMD,5.1,,0,0,False,,Nvidia
Lenovo,97000.0,In Stock,16.0,4,0,4,AMD,4.3,14.0,1920,1200,True,161.72539083525606,Unknown
MSI,630000.0,In Stock,32.0,4096,0,4096,Intel,5.5,,0,0,False,,Nvidia
Smart,59500.0,In Stock,8.0,512,0,512,Intel,4.5,15.6,1920,1080,False,141.21199808219862,Unknown
MSI,220000.0,In Stock,16.0,4,0,4,Intel,5.8,,0,0,False,,Nvidia
ASUS,103000.0,In Stock,8.0,4,0,4,Intel,4.6,,0,0,False,,Nvidia
Lenovo,107000.0,In Stock,8.0,0,0,0,Intel,4.3,14.0,1920,1200,False,161.72539083525606,Unknown
Dell,64000.0,In Stock,8.0,0,0,0,Intel,4.7,15.6,0,0,False,0.0,Unknown
MSI,170000.0,In Stock,16.0,4,0,4,Intel,4.9,,0,0,False,,Nvidia
MSI,175000.0,In Stock,16.0,0,0,0,AMD,5.1,,0,0,False,,Nvidia
Lenovo,112000.0,In Stock,8.0,2,0,2,Intel,4.8,14.0,1920,1200,False,161.72539083525606,Unknown
Lenovo,115000.0,In Stock,16.0,4,0,4,AMD,4.8,14.0,1920,1200,False,161.72539083525606,Unknown
ASUS,61500.0,In Stock,8.0,4,0,4,Intel,3.6,15.6,1920,1080,False,141.21199808219862,Unknown
Lenovo,139000.0,In Stock,32.0,512,0,512,AMD,5.0,14.0,1920,1200,False,161.72539083525606,Unknown
ASUS,61500.0,In Stock,8.0,4,0,4,Intel,3.6,15.6,1920,1080,False,141.21199808219862,Unknown
Lenovo,145000.0,In Stock,16.0,4096,0,4096,AMD,4.8,14.0,1920,1200,True,161.72539083525606,Unknown
Lenovo,155000.0,In Stock,16.0,4096,0,4096,AMD,5.1,14.0,1920,1200,True,161.72539083525606,Unknown
Lenovo,155000.0,In Stock,24.0,4,0,4,AMD,5.0,14.0,1920,1200,True,161.72539083525606,Unknown
Lenovo,175000.0,In Stock,32.0,4096,0,4096,AMD,5.0,14.0,1920,1200,True,161.72539083525606,Unknown
Lenovo,101500.0,In Stock,16.0,512,0,512,AMD,4.5,14.0,1920,1200,False,161.72539083525606,Unknown
Lenovo,105000.0,In Stock,16.0,4,0,4,AMD,4.5,14.0,1920,1200,True,161.72539083525606,Unknown
Lenovo,175000.0,In Stock,32.0,4096,0,4096,AMD,5.0,14.0,1920,1200,True,161.72539083525606,Unknown
Acer,45800.0,In Stock,12.0,512,0,512,Intel,1.1,15.6,0,0,False,0.0,Unknown
Acer,71500.0,In Stock,8.0,512,0,512,Intel,3.4,,0,0,False,,Unknown
Acer,74500.0,In Stock,16.0,512,0,512,Intel,3.4,,0,0,False,,Unknown
Acer,74900.0,In Stock,16.0,3,0,3,AMD,4.3,,0,0,False,,Unknown
Dell,76500.0,In Stock,8.0,0,0,0,Intel,4.6,15.6,0,0,False,0.0,Unknown
Acer,84500.0,In Stock,16.0,3,0,3,AMD,4.3,,0,0,False,,Unknown
Acer,79900.0,In Stock,8.0,4,0,4,Intel,3.4,14.0,1920,1080,False,157.3505121487356,Unknown
Acer,122500.0,In Stock,16.0,512,0,512,Intel,4.8,,1920,1080,False,,Nvidia
Acer,146000.0,In Stock,16.0,4096,0,4096,Intel,4.8,14.0,2880,1800,False,242.5880862528841,Unknown
Acer,279900.0,In Stock,16.0,1024,0,1024,Intel,5.2,,0,0,False,,Nvidia
HP,65990.0,In Stock,8.0,0,0,0,Intel,4.5,15.6,1920,1080,False,141.21199808219862,Unknown
HP,71000.0,In Stock,16.0,0,0,0,Intel,4.5,15.6,1920,1080,False,141.21199808219862,Unknown
Acer,285000.0,In Stock,16.0,1024,0,1024,Intel,5.2,,0,0,False,,Nvidia
Acer,325000.0,In Stock,16.0,1024,0,1024,Intel,5.2,,0,0,False,,Nvidia
Acer,340000.0,In Stock,16.0,1024,0,1024,Intel,5.4,,0,0,False,,Nvidia
HP,78500.0,In Stock,8.0,0,0,0,Intel,5.0,15.6,1920,1080,False,141.21199808219862,Unknown
Acer,360000.0,In Stock,32.0,1024,0,1024,Intel,5.4,,0,0,False,,Nvidia
Walton,67500.0,In Stock,8.0,2280,0,2280,Intel,1.8,15.6,1920,1080,False,141.21199808219862,Unknown
Acer,660000.0,In Stock,32.0,2048,0,2048,Intel,5.4,,0,0,False,,Nvidia
HP,78500.0,In Stock,8.0,0,0,0,Intel,5.0,15.6,1920,1080,False,141.21199808219862,Unknown
HP,78500.0,In Stock,8.0,0,0,0,Intel,4.6,15.6,1920,1080,False,141.21199808219862,Unknown
Acer,66000.0,In Stock,8.0,512,0,512,AMD,4.3,15.6,1920,1080,False,141.21199808219862,Unknown
ASUS,78000.0,In Stock,8.0,4,0,4,Intel,5.0,14.0,1920,1080,False,157.3505121487356,Unknown
HP,78500.0,In Stock,8.0,0,0,0,Intel,4.6,15.6,1920,1080,False,141.21199808219862,Unknown
ASUS,78000.0,In Stock,8.0,4,0,4,Intel,5.0,14.0,1920,1080,False,157.3505121487356,Unknown
Acer,76000.0,In Stock,16.0,3,0,3,AMD,4.3,15.6,1920,1080,False,141.21199808219862,Unknown
ASUS,93000.0,In Stock,16.0,3,0,3,AMD,4.3,15.6,1920,1080,False,141.21199808219862,Unknown
HP,80500.0,In Stock,8.0,0,0,0,Intel,5.0,15.6,1920,1080,False,141.21199808219862,Unknown
ASUS,93000.0,In Stock,16.0,512,0,512,AMD,4.3,15.6,1920,1080,False,141.21199808219862,Unknown
HP,94000.0,In Stock,16.0,0,0,0,Intel,5.0,15.6,1920,1080,False,141.21199808219862,Unknown
Dell,95000.0,In Stock,8.0,4,0,4,Intel,3.4,14.0,1920,1080,False,157.3505121487356,Unknown
HP,106500.0,In Stock,8.0,512,0,512,AMD,5.0,,0,0,False,,Nvidia
ASUS,80000.0,In Stock,16.0,3,0,3,AMD,4.3,14.0,1920,1080,False,157.3505121487356,Unknown
HP,106500.0,In Stock,8.0,512,0,512,AMD,5.0,,0,0,False,,Nvidia
HP,110900.0,In Stock,8.0,0,0,0,Intel,4.6,,0,0,False,,Other
HP,110000.0,In Stock,8.0,512,0,512,Other,4.3,14.0,1920,1200,False,161.72539083525606,Unknown
Acer,77500.0,In Stock,16.0,4,0,4,AMD,4.3,15.6,1920,1080,False,141.21199808219862,Unknown
HP,115000.0,In Stock,8.0,512,0,512,Other,4.3,14.0,1920,1200,False,161.72539083525606,Unknown
HP,115000.0,In Stock,8.0,512,0,512,Other,4.5,16.0,1920,1200,False,141.50971698084905,Unknown
HP,122000.0,In Stock,16.0,205,0,205,Other,5.0,14.0,1920,1200,True,161.72539083525606,Unknown
HP,122000.0,In Stock,16.0,205,0,205,Other,4.6,14.0,1920,1200,True,161.72539083525606,Unknown
ASUS,82000.0,In Stock,8.0,4,0,4,Intel,5.0,15.6,1920,1080,False,141.21199808219862,Unknown
HP,137500.0,In Stock,8.0,512,0,512,Other,4.8,16.0,1920,1200,False,141.50971698084905,Unknown
ASUS,80000.0,In Stock,8.0,4,0,4,Intel,5.0,15.6,1920,1080,False,141.21199808219862,Unknown
HP,129500.0,In Stock,8.0,1024,0,1024,AMD,4.7,,0,0,False,,Nvidia
HP,135000.0,In Stock,8.0,512,0,512,Other,4.8,14.0,1920,1200,False,161.72539083525606,Unknown
HP,145000.0,In Stock,16.0,512,0,512,Other,4.3,14.0,1920,1200,False,161.72539083525606,Unknown
HP,209000.0,In Stock,16.0,205,0,205,Intel,5.2,,0,0,False,,Nvidia
HP,229000.0,In Stock,32.0,205,0,205,Intel,5.2,,0,0,False,,Nvidia
HP,229000.0,In Stock,16.0,205,0,205,Other,4.8,14.0,2880,1800,True,242.5880862528841,Unknown
HP,229000.0,In Stock,16.0,205,0,205,Other,4.8,14.0,2880,1800,True,242.5880862528841,Unknown
HP,336000.0,In Stock,32.0,205,0,205,Intel,5.8,,0,0,False,,Nvidia
ASUS,78000.0,In Stock,8.0,4,0,4,Intel,4.7,15.6,1920,1080,False,141.21199808219862,Unknown
ASUS,93000.0,In Stock,16.0,4,0,4,Intel,5.0,14.0,1920,1080,False,157.3505121487356,Unknown
ASUS,93000.0,In Stock,16.0,4,0,4,Intel,5.0,14.0,1920,1080,False,157.3505121487356,Unknown
ASUS,93000.0,In Stock,16.0,4,0,4,Intel,5.0,15.6,1920,1080,False,141.21199808219862,Unknown
ASUS,93000.0,In Stock,16.0,4,0,4,Intel,5.0,15.6,1920,1080,False,141.21199808219862,Unknown
Lenovo,85000.0,In Stock,16.0,4,0,4,Intel,4.6,14.0,1920,1200,False,161.72539083525606,Unknown
ASUS,85000.0,In Stock,8.0,512,0,512,Intel,5.0,14.0,1920,1080,False,157.3505121487356,Unknown
Lenovo,87000.0,In Stock,16.0,4,0,4,Intel,4.6,14.0,1920,1200,False,161.72539083525606,Unknown
Walton,85550.0,In Stock,16.0,3,0,3,Intel,1.3,16.0,2560,1600,False,188.67962264113208,Unknown
Lenovo,88500.0,In Stock,16.0,4,0,4,Intel,4.8,15.3,1920,1200,False,147.98401775775062,Unknown
Lenovo,88500.0,In Stock,16.0,4,0,4,Intel,4.8,14.0,1920,1200,False,161.72539083525606,Unknown
ASUS,88000.0,In Stock,8.0,4,0,4,Intel,5.0,15.6,1920,1080,False,141.21199808219862,Unknown
ASUS,90000.0,In Stock,8.0,4,0,4,Intel,4.9,14.0,1920,1080,False,157.3505121487356,Unknown
Lenovo,92500.0,In Stock,16.0,4096,0,4096,Intel,4.6,14.0,1920,1200,False,161.72539083525606,Unknown
Lenovo,92500.0,In Stock,16.0,4096,0,4096,Intel,4.6,15.3,1920,1200,False,147.98401775775062,Unknown
ASUS,93500.0,In Stock,16.0,4,0,4,Intel,5.0,15.6,1920,1080,False,141.21199808219862,Unknown
Apple,95500.0,In Stock,8.0,256,0,256,Apple,0.0,,2408,1506,False,,Unknown
Apple,113000.0,In Stock,8.0,512,0,512,Apple,0.0,,2408,1506,False,,Unknown
Lenovo,96500.0,In Stock,16.0,4,0,4,Intel,4.8,14.0,1920,1200,False,161.72539083525606,Unknown
ASUS,96500.0,In Stock,16.0,512,0,512,Intel,5.0,15.6,1920,1080,False,141.21199808219862,Unknown
ASUS,96500.0,In Stock,16.0,512,0,512,Intel,5.0,15.6,1920,1080,False,141.21199808219862,Unknown
Lenovo,99500.0,In Stock,16.0,4,0,4,Intel,4.9,14.0,1920,1200,False,161.72539083525606,Unknown
Lenovo,99500.0,In Stock,16.0,4,0,4,Intel,4.9,15.3,1920,1200,False,147.98401775775062,Unknown
ASUS,98000.0,In Stock,16.0,1024,0,1024,Qualcomm,2.97,14.0,1920,1200,False,161.72539083525606,Unknown
ASUS,98000.0,In Stock,16.0,1024,0,1024,Qualcomm,2.97,14.0,1920,1200,False,161.72539083525606,Unknown
Lenovo,100500.0,In Stock,24.0,4,0,4,Intel,4.8,15.3,1920,1200,False,147.98401775775062,Unknown
ASUS,93500.0,In Stock,8.0,4,0,4,Intel,4.5,,1920,1200,False,,Unknown
ASUS,96000.0,In Stock,8.0,4,0,4,Intel,4.5,,1920,1200,False,,Unknown
Lenovo,99000.0,In Stock,12.0,4,0,4,Intel,3.1,,0,0,False,,Nvidia
ASUS,96500.0,In Stock,16.0,512,0,512,Intel,4.8,14.0,1920,1080,False,157.3505121487356,Unknown
ASUS,90000.0,In Stock,8.0,4,0,4,Intel,4.8,15.6,1920,1080,False,141.21199808219862,Unknown
Lenovo,104500.0,In Stock,16.0,4,0,4,Intel,4.6,14.0,1920,1200,False,161.72539083525606,Unknown
ASUS,107000.0,In Stock,8.0,0,0,0,Intel,4.5,16.0,1920,1200,False,141.50971698084905,Unknown
Dell,105500.0,In Stock,16.0,0,0,0,Intel,5.0,15.6,0,0,False,0.0,Unknown
Lenovo,99000.0,In Stock,8.0,512,0,512,Intel,2.4,14.0,1920,1080,False,157.3505121487356,Unknown
ASUS,116000.0,In Stock,16.0,4,0,4,Intel,4.9,14.0,1920,1200,False,161.72539083525606,Unknown
ASUS,116000.0,In Stock,16.0,4,0,4,Intel,4.9,14.0,1920,1200,False,161.72539083525606,Unknown
ASUS,111800.0,In Stock,16.0,4,0,4,Intel,4.9,16.0,1920,1200,False,141.50971698084905,Unknown
ASUS,119000.0,In Stock,16.0,4096,0,4096,AMD,4.9,14.0,1920,1200,False,161.72539083525606,Unknown
Lenovo,110500.0,In Stock,16.0,4,0,4,Intel,4.4,,0,0,False,,Nvidia
ASUS,122000.0,In Stock,16.0,4,0,4,Intel,5.4,14.0,1920,1080,False,157.3505121487356,Unknown
ASUS,110000.0,In Stock,16.0,4,0,4,Intel,5.2,14.0,1920,1080,False,157.3505121487356,Unknown
ASUS,110000.0,In Stock,16.0,4,0,4,Intel,5.2,15.6,1920,1080,False,141.21199808219862,Unknown
Lenovo,112500.0,In Stock,16.0,4096,0,4096,Intel,4.6,14.0,1920,1200,False,161.72539083525606,Unknown
ASUS,118000.0,In Stock,16.0,1024,0,1024,Intel,4.9,14.0,1920,1080,False,157.3505121487356,Unknown
Lenovo,113500.0,In Stock,24.0,4,0,4,Intel,5.2,15.3,1920,1200,False,147.98401775775062,Unknown
ASUS,115000.0,In Stock,16.0,4096,0,4096,Intel,4.9,16.0,1920,1200,False,141.50971698084905,Unknown
ASUS,116000.0,In Stock,16.0,4096,0,4096,Intel,4.9,16.0,1920,1200,False,141.50971698084905,Unknown
ASUS,120500.0,In Stock,16.0,4,0,4,Intel,4.7,15.6,1920,1080,False,141.21199808219862,Unknown
ASUS,118000.0,In Stock,16.0,4,0,4,Intel,4.7,15.6,1920,1080,False,141.21199808219862,Unknown
ASUS,116000.0,In Stock,16.0,4,0,4,AMD,4.5,14.0,1920,1200,False,161.72539083525606,Unknown
Walton,112550.0,In Stock,16.0,4096,0,4096,Intel,1.2,14.0,2880,1800,False,242.5880862528841,Unknown
ASUS,115000.0,In Stock,16.0,4,0,4,Intel,4.9,14.0,1920,1200,False,161.72539083525606,Unknown
ASUS,115800.0,In Stock,8.0,4,0,4,Intel,4.8,,0,0,False,,Other
Lenovo,108000.0,In Stock,16.0,4,0,4,Qualcomm,3.4,14.0,1920,1200,False,161.72539083525606,Unknown
ASUS,158000.0,In Stock,16.0,4,0,4,Intel,4.9,,1920,1200,True,,Unknown
Lenovo,152000.0,In Stock,16.0,4,0,4,Intel,5.1,14.0,1920,1200,True,161.72539083525606,Unknown
Lenovo,143500.0,In Stock,16.0,4,0,4,Intel,4.5,14.0,1920,1200,True,161.72539083525606,Unknown
ASUS,163000.0,In Stock,16.0,4,0,4,AMD,4.5,,1920,1200,False,,Unknown
Lenovo,157000.0,In Stock,16.0,4096,0,4096,Intel,5.1,14.0,1920,1200,True,161.72539083525606,Unknown
Lenovo,160000.0,In Stock,16.0,1024,0,1024,Intel,4.5,,1920,1200,False,,Unknown
ASUS,193000.0,In Stock,16.0,4,0,4,Intel,5.1,,1920,1200,False,,Unknown
Lenovo,160000.0,In Stock,16.0,4,0,4,Intel,4.5,14.0,1920,1200,False,161.72539083525606,Unknown
Lenovo,160000.0,In Stock,16.0,4,0,4,Intel,4.5,14.0,2880,1800,True,242.5880862528841,Unknown
ASUS,182000.0,In Stock,16.0,4096,0,4096,Qualcomm,3.4,,1920,1200,False,,Unknown
ASUS,158000.0,In Stock,16.0,4,0,4,Intel,4.9,,1920,1200,False,,Unknown
Lenovo,195000.0,In Stock,32.0,4,0,4,Intel,4.8,14.0,1920,1200,False,161.72539083525606,Unknown
Lenovo,179000.0,In Stock,32.0,4096,0,4096,Intel,4.5,14.0,2880,1800,True,242.5880862528841,Unknown
ASUS,228000.0,In Stock,16.0,4096,0,4096,Intel,4.8,14.0,2880,1800,False,242.5880862528841,Unknown
ASUS,264000.0,In Stock,32.0,4096,0,4096,AMD,5.0,,2880,1800,False,,Unknown
Lenovo,187000.0,In Stock,16.0,4,0,4,Qualcomm,3.4,14.5,2944,1840,True,239.42793493771242,Unknown
Lenovo,315000.0,In Stock,32.0,4096,0,4096,Intel,4.7,14.0,2880,1800,False,242.5880862528841,Unknown
Lenovo,298000.0,In Stock,32.0,4096,0,4096,Intel,5.4,14.5,3000,1876,True,244.01882931577654,Unknown
Lenovo,280000.0,In Stock,32.0,4096,0,4096,Intel,4.8,14.0,3840,2400,True,323.45078167051213,Unknown
ASUS,476000.0,In Stock,32.0,4096,0,4096,Intel,4.8,14.0,2880,1800,True,242.5880862528841,Unknown
MSI,310000.0,In Stock,32.0,4096,0,4096,Intel,0.0,13.3,2880,1800,False,255.35588026619376,Unknown
Lenovo,137000.0,In Stock,16.0,4,0,4,Intel,4.9,14.0,1920,1200,True,161.72539083525606,Unknown
